employee_id,department_id,first_name,last_name,email,hire_date,salary
1,3,Emp1,Last1,emp1@globalmart.com,2021-05-06,41198.71
2,3,Emp2,Last2,emp2@globalmart.com,2022-10-12,104240.61
3,5,Emp3,Last3,emp3@globalmart.com,2023-08-25,48585.5
4,1,Emp4,Last4,emp4@globalmart.com,2024-07-09,96474.78
5,2,Emp5,Last5,emp5@globalmart.com,2024-08-16,102791.44
6,1,Emp6,Last6,emp6@globalmart.com,2024-09-20,122872.56
7,2,Emp7,Last7,emp7@globalmart.com,2023-04-17,112243.21
8,5,Emp8,Last8,emp8@globalmart.com,2022-07-03,103461.28
9,3,Emp9,Last9,emp9@globalmart.com,2023-03-03,126519.17
10,4,Emp10,Last10,emp10@globalmart.com,2024-06-04,123946.45
11,3,Emp11,Last11,emp11@globalmart.com,2024-04-19,131243.47
12,1,Emp12,Last12,emp12@globalmart.com,2024-12-22,53153.85
13,3,Emp13,Last13,emp13@globalmart.com,2023-08-25,128026.58
14,4,Emp14,Last14,emp14@globalmart.com,2020-02-03,148178.1
15,1,Emp15,Last15,emp15@globalmart.com,2020-12-06,47874.38
16,1,Emp16,Last16,emp16@globalmart.com,2022-08-19,122312.02
17,4,Emp17,Last17,emp17@globalmart.com,2024-11-23,132254.75
18,2,Emp18,Last18,emp18@globalmart.com,2024-10-11,131713.22
19,5,Emp19,Last19,emp19@globalmart.com,2025-11-18,37837.68
20,2,Emp20,Last20,emp20@globalmart.com,2020-06-21,36005.53
21,5,Emp21,Last21,emp21@globalmart.com,2024-01-06,64936.91
22,4,Emp22,Last22,emp22@globalmart.com,2022-09-10,105476.22
23,4,Emp23,Last23,emp23@globalmart.com,2020-12-04,147749.03
24,5,Emp24,Last24,emp24@globalmart.com,2022-06-16,126066.49
25,3,Emp25,Last25,emp25@globalmart.com,2025-12-05,50399.17
26,4,Emp26,Last26,emp26@globalmart.com,2025-11-14,48183.77
27,1,Emp27,Last27,emp27@globalmart.com,2021-05-10,38091.15
28,3,Emp28,Last28,emp28@globalmart.com,2023-11-14,72204.98
29,3,Emp29,Last29,emp29@globalmart.com,2023-11-20,41003.49
30,5,Emp30,Last30,emp30@globalmart.com,2024-06-22,78727.41
31,4,Emp31,Last31,emp31@globalmart.com,2022-01-27,116657.06
32,3,Emp32,Last32,emp32@globalmart.com,2024-12-01,44312.8
33,5,Emp33,Last33,emp33@globalmart.com,2021-09-13,119503.39
34,2,Emp34,Last34,emp34@globalmart.com,2024-12-28,130183.99
35,3,Emp35,Last35,emp35@globalmart.com,2021-10-28,118093.58
36,5,Emp36,Last36,emp36@globalmart.com,2021-04-05,116990.71
37,3,Emp37,Last37,emp37@globalmart.com,2022-10-20,84504.28
38,4,Emp38,Last38,emp38@globalmart.com,2023-08-18,91510.12
39,4,Emp39,Last39,emp39@globalmart.com,2021-08-07,53920.86
40,1,Emp40,Last40,emp40@globalmart.com,2021-12-02,126379.3
41,5,Emp41,Last41,emp41@globalmart.com,2023-01-03,100846.67
42,3,Emp42,Last42,emp42@globalmart.com,2020-08-02,102161.94
43,1,Emp43,Last43,emp43@globalmart.com,2023-01-08,83193.35
44,3,Emp44,Last44,emp44@globalmart.com,2021-08-17,32810.86
45,1,Emp45,Last45,emp45@globalmart.com,2020-02-04,35433.07
46,4,Emp46,Last46,emp46@globalmart.com,2025-06-12,37832.75
47,2,Emp47,Last47,emp47@globalmart.com,2023-10-14,63723.11
48,2,Emp48,Last48,emp48@globalmart.com,2023-05-25,66042.87
49,1,Emp49,Last49,emp49@globalmart.com,2020-08-23,65803.07
50,4,Emp50,Last50,emp50@globalmart.com,2024-11-05,135056.69
51,4,Emp51,Last51,emp51@globalmart.com,2023-02-10,124610.75
52,5,Emp52,Last52,emp52@globalmart.com,2020-08-06,42330.18
53,1,Emp53,Last53,emp53@globalmart.com,2020-02-07,99860.57
54,2,Emp54,Last54,emp54@globalmart.com,2024-09-27,116837.81
55,2,Emp55,Last55,emp55@globalmart.com,2022-05-11,105576.06
56,5,Emp56,Last56,emp56@globalmart.com,2023-05-05,129352.89
57,5,Emp57,Last57,emp57@globalmart.com,2025-05-04,62663.79
58,1,Emp58,Last58,emp58@globalmart.com,2022-05-20,116121.91
59,3,Emp59,Last59,emp59@globalmart.com,2022-01-01,119359.43
60,1,Emp60,Last60,emp60@globalmart.com,2022-12-15,33763.67
61,1,Emp61,Last61,emp61@globalmart.com,2020-03-04,66234.6
62,1,Emp62,Last62,emp62@globalmart.com,2025-11-04,107566.42
63,3,Emp63,Last63,emp63@globalmart.com,2025-11-12,62663.84
64,4,Emp64,Last64,emp64@globalmart.com,2025-03-21,111267.88
65,5,Emp65,Last65,emp65@globalmart.com,2024-01-25,59399.96
66,5,Emp66,Last66,emp66@globalmart.com,2021-02-15,135978.43
67,3,Emp67,Last67,emp67@globalmart.com,2022-11-05,129483.67
68,2,Emp68,Last68,emp68@globalmart.com,2024-05-10,66848.03
69,1,Emp69,Last69,emp69@globalmart.com,2023-07-11,90166.94
70,2,Emp70,Last70,emp70@globalmart.com,2022-03-18,31639.57
71,3,Emp71,Last71,emp71@globalmart.com,2024-01-05,56178.21
72,1,Emp72,Last72,emp72@globalmart.com,2025-12-08,131571.67
73,4,Emp73,Last73,emp73@globalmart.com,2024-03-06,45340.05
74,1,Emp74,Last74,emp74@globalmart.com,2021-02-13,131603.46
75,1,Emp75,Last75,emp75@globalmart.com,2025-07-12,144975.03
76,1,Emp76,Last76,emp76@globalmart.com,2020-03-25,76217.3
77,2,Emp77,Last77,emp77@globalmart.com,2022-10-10,72611.89
78,1,Emp78,Last78,emp78@globalmart.com,2022-03-07,98558.29
79,3,Emp79,Last79,emp79@globalmart.com,2021-04-10,90153.66
80,4,Emp80,Last80,emp80@globalmart.com,2024-01-19,129107.0
81,1,Emp81,Last81,emp81@globalmart.com,2022-05-16,64912.31
82,5,Emp82,Last82,emp82@globalmart.com,2023-03-10,75374.53
83,5,Emp83,Last83,emp83@globalmart.com,2022-10-06,33363.63
84,3,Emp84,Last84,emp84@globalmart.com,2025-09-19,144503.11
85,2,Emp85,Last85,emp85@globalmart.com,2025-09-02,73957.95
86,3,Emp86,Last86,emp86@globalmart.com,2021-06-27,92832.62
87,3,Emp87,Last87,emp87@globalmart.com,2025-04-18,97363.24
88,1,Emp88,Last88,emp88@globalmart.com,2020-05-03,113959.16
89,2,Emp89,Last89,emp89@globalmart.com,2021-11-19,105473.23
90,1,Emp90,Last90,emp90@globalmart.com,2022-02-17,70552.09
91,4,Emp91,Last91,emp91@globalmart.com,2022-07-22,110603.08
92,2,Emp92,Last92,emp92@globalmart.com,2021-07-16,92214.05
93,3,Emp93,Last93,emp93@globalmart.com,2025-04-25,87508.67
94,3,Emp94,Last94,emp94@globalmart.com,2024-06-02,120843.35
95,5,Emp95,Last95,emp95@globalmart.com,2024-07-13,123807.44
96,2,Emp96,Last96,emp96@globalmart.com,2024-05-26,146080.96
97,3,Emp97,Last97,emp97@globalmart.com,2020-02-16,40339.48
98,2,Emp98,Last98,emp98@globalmart.com,2025-06-23,41674.83
99,4,Emp99,Last99,emp99@globalmart.com,2024-05-21,32263.51
100,1,Emp100,Last100,emp100@globalmart.com,2024-12-07,47131.6
101,5,Emp101,Last101,emp101@globalmart.com,2024-10-19,123322.16
102,1,Emp102,Last102,emp102@globalmart.com,2025-10-15,108848.0
103,2,Emp103,Last103,emp103@globalmart.com,2021-08-22,128906.56
104,1,Emp104,Last104,emp104@globalmart.com,2023-07-10,102386.79
105,2,Emp105,Last105,emp105@globalmart.com,2025-11-07,124173.74
106,2,Emp106,Last106,emp106@globalmart.com,2022-11-08,127018.3
107,2,Emp107,Last107,emp107@globalmart.com,2024-04-27,66913.94
108,3,Emp108,Last108,emp108@globalmart.com,2023-09-12,145290.85
109,3,Emp109,Last109,emp109@globalmart.com,2020-05-16,68306.27
110,3,Emp110,Last110,emp110@globalmart.com,2023-06-21,99673.09
111,2,Emp111,Last111,emp111@globalmart.com,2024-07-15,117845.44
112,3,Emp112,Last112,emp112@globalmart.com,2024-09-17,36744.32
113,4,Emp113,Last113,emp113@globalmart.com,2021-03-03,119265.57
114,1,Emp114,Last114,emp114@globalmart.com,2023-02-03,116354.13
115,4,Emp115,Last115,emp115@globalmart.com,2022-10-28,103515.3
116,5,Emp116,Last116,emp116@globalmart.com,2025-02-25,95290.56
117,4,Emp117,Last117,emp117@globalmart.com,2020-11-22,41363.23
118,5,Emp118,Last118,emp118@globalmart.com,2022-09-13,97257.57
119,4,Emp119,Last119,emp119@globalmart.com,2023-06-28,117000.46
120,4,Emp120,Last120,emp120@globalmart.com,2020-02-28,52979.88
121,3,Emp121,Last121,emp121@globalmart.com,2023-06-23,77530.02
122,2,Emp122,Last122,emp122@globalmart.com,2020-06-05,75852.64
123,4,Emp123,Last123,emp123@globalmart.com,2025-05-28,121206.58
124,2,Emp124,Last124,emp124@globalmart.com,2021-10-27,122264.99
125,1,Emp125,Last125,emp125@globalmart.com,2025-04-06,112697.01
126,4,Emp126,Last126,emp126@globalmart.com,2021-05-02,87045.89
127,5,Emp127,Last127,emp127@globalmart.com,2022-12-17,120920.72
128,4,Emp128,Last128,emp128@globalmart.com,2025-11-08,98378.02
129,3,Emp129,Last129,emp129@globalmart.com,2020-02-06,61392.29
130,1,Emp130,Last130,emp130@globalmart.com,2025-07-12,78517.12
131,1,Emp131,Last131,emp131@globalmart.com,2022-08-18,52319.65
132,2,Emp132,Last132,emp132@globalmart.com,2022-03-27,85255.61
133,3,Emp133,Last133,emp133@globalmart.com,2025-12-22,75164.52
134,4,Emp134,Last134,emp134@globalmart.com,2022-12-10,56598.69
135,2,Emp135,Last135,emp135@globalmart.com,2023-07-26,96082.11
136,3,Emp136,Last136,emp136@globalmart.com,2023-12-25,125512.01
137,4,Emp137,Last137,emp137@globalmart.com,2024-01-17,87209.69
138,1,Emp138,Last138,emp138@globalmart.com,2020-01-04,54616.88
139,3,Emp139,Last139,emp139@globalmart.com,2024-08-21,141853.27
140,4,Emp140,Last140,emp140@globalmart.com,2024-12-04,99468.58
141,5,Emp141,Last141,emp141@globalmart.com,2023-01-07,102901.91
142,1,Emp142,Last142,emp142@globalmart.com,2022-12-22,114930.4
143,4,Emp143,Last143,emp143@globalmart.com,2024-08-21,145345.43
144,4,Emp144,Last144,emp144@globalmart.com,2025-10-05,53555.97
145,4,Emp145,Last145,emp145@globalmart.com,2021-08-23,114114.4
146,3,Emp146,Last146,emp146@globalmart.com,2022-06-04,71420.19
147,2,Emp147,Last147,emp147@globalmart.com,2024-04-22,131528.66
148,4,Emp148,Last148,emp148@globalmart.com,2024-07-10,122912.36
149,3,Emp149,Last149,emp149@globalmart.com,2021-06-12,95249.98
150,1,Emp150,Last150,emp150@globalmart.com,2020-07-17,73614.7
151,3,Emp151,Last151,emp151@globalmart.com,2020-06-24,94083.61
152,5,Emp152,Last152,emp152@globalmart.com,2023-04-27,32172.58
153,4,Emp153,Last153,emp153@globalmart.com,2023-08-17,37852.88
154,3,Emp154,Last154,emp154@globalmart.com,2025-03-11,32667.8
155,3,Emp155,Last155,emp155@globalmart.com,2020-11-22,49655.25
156,4,Emp156,Last156,emp156@globalmart.com,2024-03-10,115839.29
157,2,Emp157,Last157,emp157@globalmart.com,2021-07-11,36041.15
158,4,Emp158,Last158,emp158@globalmart.com,2023-04-13,63532.37
159,1,Emp159,Last159,emp159@globalmart.com,2025-02-14,64023.28
160,4,Emp160,Last160,emp160@globalmart.com,2023-10-25,96832.86
161,2,Emp161,Last161,emp161@globalmart.com,2025-12-24,94173.55
162,1,Emp162,Last162,emp162@globalmart.com,2021-07-10,46611.89
163,2,Emp163,Last163,emp163@globalmart.com,2025-06-04,50106.21
164,1,Emp164,Last164,emp164@globalmart.com,2022-08-04,81057.14
165,1,Emp165,Last165,emp165@globalmart.com,2025-02-25,112832.29
166,5,Emp166,Last166,emp166@globalmart.com,2025-07-19,43003.42
167,5,Emp167,Last167,emp167@globalmart.com,2020-06-25,30081.64
168,5,Emp168,Last168,emp168@globalmart.com,2023-11-15,103458.79
169,2,Emp169,Last169,emp169@globalmart.com,2025-01-18,111336.17
170,5,Emp170,Last170,emp170@globalmart.com,2022-10-22,71150.71
171,3,Emp171,Last171,emp171@globalmart.com,2020-09-25,132097.32
172,1,Emp172,Last172,emp172@globalmart.com,2020-09-06,141067.37
173,1,Emp173,Last173,emp173@globalmart.com,2021-05-14,121402.84
174,2,Emp174,Last174,emp174@globalmart.com,2022-01-01,125726.79
175,4,Emp175,Last175,emp175@globalmart.com,2023-01-19,79681.17
176,4,Emp176,Last176,emp176@globalmart.com,2021-04-19,124016.31
177,4,Emp177,Last177,emp177@globalmart.com,2021-04-10,49222.86
178,1,Emp178,Last178,emp178@globalmart.com,2025-08-06,98386.28
179,5,Emp179,Last179,emp179@globalmart.com,2022-08-08,86510.31
180,3,Emp180,Last180,emp180@globalmart.com,2021-07-06,123441.49
181,1,Emp181,Last181,emp181@globalmart.com,2020-11-04,55791.99
182,2,Emp182,Last182,emp182@globalmart.com,2022-11-24,135025.28
183,1,Emp183,Last183,emp183@globalmart.com,2020-02-19,40533.01
184,1,Emp184,Last184,emp184@globalmart.com,2024-11-22,45655.91
185,3,Emp185,Last185,emp185@globalmart.com,2024-04-22,119240.69
186,4,Emp186,Last186,emp186@globalmart.com,2025-10-11,91779.0
187,2,Emp187,Last187,emp187@globalmart.com,2021-02-07,69221.09
188,2,Emp188,Last188,emp188@globalmart.com,2020-08-25,138779.5
189,4,Emp189,Last189,emp189@globalmart.com,2025-06-02,63790.48
190,4,Emp190,Last190,emp190@globalmart.com,2023-03-18,132223.77
191,3,Emp191,Last191,emp191@globalmart.com,2022-08-11,91976.88
192,1,Emp192,Last192,emp192@globalmart.com,2022-10-25,132460.25
193,1,Emp193,Last193,emp193@globalmart.com,2023-12-04,101753.23
194,2,Emp194,Last194,emp194@globalmart.com,2021-05-03,92973.93
195,3,Emp195,Last195,emp195@globalmart.com,2022-03-17,68927.17
196,2,Emp196,Last196,emp196@globalmart.com,2022-02-11,71997.77
197,4,Emp197,Last197,emp197@globalmart.com,2023-10-13,119357.13
198,4,Emp198,Last198,emp198@globalmart.com,2024-02-02,141711.25
199,2,Emp199,Last199,emp199@globalmart.com,2023-04-02,44686.28
200,2,Emp200,Last200,emp200@globalmart.com,2024-03-15,147813.56
201,1,Emp201,Last201,emp201@globalmart.com,2022-08-26,92608.03
202,1,Emp202,Last202,emp202@globalmart.com,2020-07-21,44667.47
203,4,Emp203,Last203,emp203@globalmart.com,2023-01-08,121728.06
204,2,Emp204,Last204,emp204@globalmart.com,2023-04-11,103137.21
205,4,Emp205,Last205,emp205@globalmart.com,2025-04-10,139715.83
206,5,Emp206,Last206,emp206@globalmart.com,2024-12-26,43721.52
207,3,Emp207,Last207,emp207@globalmart.com,2024-05-17,132852.29
208,5,Emp208,Last208,emp208@globalmart.com,2025-08-23,57946.33
209,3,Emp209,Last209,emp209@globalmart.com,2025-10-24,100095.2
210,3,Emp210,Last210,emp210@globalmart.com,2023-08-27,136043.58
211,1,Emp211,Last211,emp211@globalmart.com,2023-11-26,116164.06
212,3,Emp212,Last212,emp212@globalmart.com,2025-07-24,99131.69
213,5,Emp213,Last213,emp213@globalmart.com,2021-03-11,125197.63
214,1,Emp214,Last214,emp214@globalmart.com,2021-08-09,80968.49
215,4,Emp215,Last215,emp215@globalmart.com,2025-04-21,110693.14
216,2,Emp216,Last216,emp216@globalmart.com,2025-12-01,93540.58
217,1,Emp217,Last217,emp217@globalmart.com,2020-04-18,109892.37
218,4,Emp218,Last218,emp218@globalmart.com,2020-08-16,93505.64
219,2,Emp219,Last219,emp219@globalmart.com,2020-03-09,72272.01
220,5,Emp220,Last220,emp220@globalmart.com,2023-09-14,128680.1
221,5,Emp221,Last221,emp221@globalmart.com,2021-07-08,52486.68
222,3,Emp222,Last222,emp222@globalmart.com,2023-05-06,136687.68
223,3,Emp223,Last223,emp223@globalmart.com,2021-10-26,91159.25
224,5,Emp224,Last224,emp224@globalmart.com,2025-04-10,90146.81
225,2,Emp225,Last225,emp225@globalmart.com,2020-02-22,40230.6
226,5,Emp226,Last226,emp226@globalmart.com,2025-07-17,44413.75
227,3,Emp227,Last227,emp227@globalmart.com,2023-04-17,64056.85
228,5,Emp228,Last228,emp228@globalmart.com,2025-11-16,66970.9
229,3,Emp229,Last229,emp229@globalmart.com,2025-11-20,125776.9
230,1,Emp230,Last230,emp230@globalmart.com,2022-06-26,30238.0
231,3,Emp231,Last231,emp231@globalmart.com,2023-04-01,75916.09
232,2,Emp232,Last232,emp232@globalmart.com,2021-02-06,49595.39
233,1,Emp233,Last233,emp233@globalmart.com,2024-03-13,49004.7
234,3,Emp234,Last234,emp234@globalmart.com,2025-08-08,131585.82
235,4,Emp235,Last235,emp235@globalmart.com,2020-05-01,64122.77
236,5,Emp236,Last236,emp236@globalmart.com,2025-03-09,105825.2
237,2,Emp237,Last237,emp237@globalmart.com,2025-04-16,79168.19
238,5,Emp238,Last238,emp238@globalmart.com,2025-08-09,64100.64
239,4,Emp239,Last239,emp239@globalmart.com,2023-01-19,31728.48
240,2,Emp240,Last240,emp240@globalmart.com,2021-05-03,69868.36
241,5,Emp241,Last241,emp241@globalmart.com,2025-12-13,137747.53
242,3,Emp242,Last242,emp242@globalmart.com,2025-03-25,109306.73
243,5,Emp243,Last243,emp243@globalmart.com,2022-10-01,47682.7
244,1,Emp244,Last244,emp244@globalmart.com,2021-12-23,124212.43
245,4,Emp245,Last245,emp245@globalmart.com,2020-05-28,124828.54
246,2,Emp246,Last246,emp246@globalmart.com,2021-03-06,113243.23
247,5,Emp247,Last247,emp247@globalmart.com,2022-11-15,121566.51
248,4,Emp248,Last248,emp248@globalmart.com,2020-11-19,132206.62
249,3,Emp249,Last249,emp249@globalmart.com,2023-11-06,141179.73
250,1,Emp250,Last250,emp250@globalmart.com,2022-01-14,43907.23
251,4,Emp251,Last251,emp251@globalmart.com,2021-01-25,31091.3
252,5,Emp252,Last252,emp252@globalmart.com,2023-05-19,90118.74
253,3,Emp253,Last253,emp253@globalmart.com,2021-12-02,145434.08
254,1,Emp254,Last254,emp254@globalmart.com,2020-01-05,134550.58
255,5,Emp255,Last255,emp255@globalmart.com,2023-02-21,56362.51
256,4,Emp256,Last256,emp256@globalmart.com,2023-03-17,68068.36
257,2,Emp257,Last257,emp257@globalmart.com,2021-12-15,45070.39
258,5,Emp258,Last258,emp258@globalmart.com,2021-10-11,66934.99
259,1,Emp259,Last259,emp259@globalmart.com,2023-08-11,129527.66
260,4,Emp260,Last260,emp260@globalmart.com,2025-02-08,147077.53
261,2,Emp261,Last261,emp261@globalmart.com,2024-09-15,36917.17
262,3,Emp262,Last262,emp262@globalmart.com,2021-02-05,70637.67
263,5,Emp263,Last263,emp263@globalmart.com,2020-07-07,58700.73
264,3,Emp264,Last264,emp264@globalmart.com,2020-10-12,53262.16
265,1,Emp265,Last265,emp265@globalmart.com,2022-12-15,86087.69
266,3,Emp266,Last266,emp266@globalmart.com,2021-07-24,41139.56
267,2,Emp267,Last267,emp267@globalmart.com,2025-04-16,50335.05
268,1,Emp268,Last268,emp268@globalmart.com,2025-06-10,116448.2
269,1,Emp269,Last269,emp269@globalmart.com,2022-10-07,51550.7
270,3,Emp270,Last270,emp270@globalmart.com,2023-10-04,48350.99
271,1,Emp271,Last271,emp271@globalmart.com,2022-10-27,129148.04
272,3,Emp272,Last272,emp272@globalmart.com,2020-09-27,45045.77
273,1,Emp273,Last273,emp273@globalmart.com,2021-05-20,116262.09
274,1,Emp274,Last274,emp274@globalmart.com,2022-03-08,54317.31
275,3,Emp275,Last275,emp275@globalmart.com,2023-11-13,70459.52
276,1,Emp276,Last276,emp276@globalmart.com,2020-03-18,56234.64
277,4,Emp277,Last277,emp277@globalmart.com,2023-03-27,89867.48
278,2,Emp278,Last278,emp278@globalmart.com,2022-05-11,58006.82
279,2,Emp279,Last279,emp279@globalmart.com,2021-09-21,118101.9
280,3,Emp280,Last280,emp280@globalmart.com,2021-01-16,129937.78
281,4,Emp281,Last281,emp281@globalmart.com,2024-08-21,99206.7
282,3,Emp282,Last282,emp282@globalmart.com,2025-10-06,96207.15
283,3,Emp283,Last283,emp283@globalmart.com,2020-12-05,137350.67
284,4,Emp284,Last284,emp284@globalmart.com,2022-02-09,136550.01
285,2,Emp285,Last285,emp285@globalmart.com,2025-06-01,127413.72
286,3,Emp286,Last286,emp286@globalmart.com,2024-07-05,84968.82
287,2,Emp287,Last287,emp287@globalmart.com,2024-11-09,36463.4
288,1,Emp288,Last288,emp288@globalmart.com,2023-07-06,141925.54
289,2,Emp289,Last289,emp289@globalmart.com,2020-09-06,124544.24
290,1,Emp290,Last290,emp290@globalmart.com,2025-02-05,35391.56
291,2,Emp291,Last291,emp291@globalmart.com,2024-05-04,48227.2
292,4,Emp292,Last292,emp292@globalmart.com,2020-12-10,71173.21
293,2,Emp293,Last293,emp293@globalmart.com,2022-01-17,32152.27
294,3,Emp294,Last294,emp294@globalmart.com,2020-07-11,44744.32
295,4,Emp295,Last295,emp295@globalmart.com,2024-04-11,77272.62
296,3,Emp296,Last296,emp296@globalmart.com,2020-01-24,40486.89
297,5,Emp297,Last297,emp297@globalmart.com,2024-06-02,68310.34
298,5,Emp298,Last298,emp298@globalmart.com,2025-09-22,89746.98
299,2,Emp299,Last299,emp299@globalmart.com,2021-03-27,146031.96
300,2,Emp300,Last300,emp300@globalmart.com,2023-06-01,54938.15
301,1,Emp301,Last301,emp301@globalmart.com,2022-12-24,89581.84
302,3,Emp302,Last302,emp302@globalmart.com,2024-01-17,138383.23
303,5,Emp303,Last303,emp303@globalmart.com,2025-04-24,112949.58
304,3,Emp304,Last304,emp304@globalmart.com,2022-11-09,80627.61
305,5,Emp305,Last305,emp305@globalmart.com,2025-06-26,88972.98
306,2,Emp306,Last306,emp306@globalmart.com,2023-03-22,41163.59
307,5,Emp307,Last307,emp307@globalmart.com,2021-11-20,62827.55
308,3,Emp308,Last308,emp308@globalmart.com,2023-09-27,120396.1
309,4,Emp309,Last309,emp309@globalmart.com,2020-12-02,87488.56
310,3,Emp310,Last310,emp310@globalmart.com,2020-02-28,105239.58
311,4,Emp311,Last311,emp311@globalmart.com,2024-10-06,132043.29
312,3,Emp312,Last312,emp312@globalmart.com,2020-11-07,97982.23
313,1,Emp313,Last313,emp313@globalmart.com,2021-09-06,101889.79
314,3,Emp314,Last314,emp314@globalmart.com,2025-02-16,88090.05
315,3,Emp315,Last315,emp315@globalmart.com,2023-08-20,55499.37
316,3,Emp316,Last316,emp316@globalmart.com,2021-11-19,133929.21
317,5,Emp317,Last317,emp317@globalmart.com,2020-04-01,111997.02
318,3,Emp318,Last318,emp318@globalmart.com,2020-04-21,36008.58
319,5,Emp319,Last319,emp319@globalmart.com,2024-02-28,74870.3
320,1,Emp320,Last320,emp320@globalmart.com,2022-04-03,60981.38
321,4,Emp321,Last321,emp321@globalmart.com,2022-02-17,59899.44
322,2,Emp322,Last322,emp322@globalmart.com,2021-08-21,79754.24
323,5,Emp323,Last323,emp323@globalmart.com,2020-04-09,109180.41
324,5,Emp324,Last324,emp324@globalmart.com,2025-06-11,60013.01
325,3,Emp325,Last325,emp325@globalmart.com,2025-05-13,142235.77
326,3,Emp326,Last326,emp326@globalmart.com,2025-01-24,56817.87
327,2,Emp327,Last327,emp327@globalmart.com,2024-08-18,85353.52
328,3,Emp328,Last328,emp328@globalmart.com,2020-10-04,56697.1
329,3,Emp329,Last329,emp329@globalmart.com,2020-04-11,49660.41
330,2,Emp330,Last330,emp330@globalmart.com,2021-02-15,76283.26
331,2,Emp331,Last331,emp331@globalmart.com,2023-06-27,46676.81
332,5,Emp332,Last332,emp332@globalmart.com,2020-05-20,100344.18
333,1,Emp333,Last333,emp333@globalmart.com,2021-02-09,88728.08
334,3,Emp334,Last334,emp334@globalmart.com,2023-06-23,113520.29
335,4,Emp335,Last335,emp335@globalmart.com,2024-03-13,138424.85
336,3,Emp336,Last336,emp336@globalmart.com,2020-01-12,76885.68
337,3,Emp337,Last337,emp337@globalmart.com,2025-04-08,60680.46
338,2,Emp338,Last338,emp338@globalmart.com,2024-01-23,98665.13
339,5,Emp339,Last339,emp339@globalmart.com,2023-09-08,47844.62
340,5,Emp340,Last340,emp340@globalmart.com,2025-12-20,31434.31
341,3,Emp341,Last341,emp341@globalmart.com,2022-05-01,52291.56
342,2,Emp342,Last342,emp342@globalmart.com,2024-11-19,35234.35
343,4,Emp343,Last343,emp343@globalmart.com,2024-02-22,73938.45
344,3,Emp344,Last344,emp344@globalmart.com,2024-02-15,78480.52
345,5,Emp345,Last345,emp345@globalmart.com,2024-11-09,137417.35
346,4,Emp346,Last346,emp346@globalmart.com,2021-01-21,82685.54
347,3,Emp347,Last347,emp347@globalmart.com,2023-04-05,57652.17
348,5,Emp348,Last348,emp348@globalmart.com,2021-09-25,126641.78
349,4,Emp349,Last349,emp349@globalmart.com,2024-09-03,69306.35
350,3,Emp350,Last350,emp350@globalmart.com,2021-01-14,35520.62
351,2,Emp351,Last351,emp351@globalmart.com,2023-05-08,53992.73
352,1,Emp352,Last352,emp352@globalmart.com,2022-06-10,78727.24
353,1,Emp353,Last353,emp353@globalmart.com,2020-11-11,32181.88
354,3,Emp354,Last354,emp354@globalmart.com,2025-06-13,103308.94
355,2,Emp355,Last355,emp355@globalmart.com,2025-07-24,91620.05
356,3,Emp356,Last356,emp356@globalmart.com,2023-10-05,117473.15
357,5,Emp357,Last357,emp357@globalmart.com,2025-03-27,131880.76
358,3,Emp358,Last358,emp358@globalmart.com,2022-07-25,91663.21
359,1,Emp359,Last359,emp359@globalmart.com,2025-11-15,78077.52
360,3,Emp360,Last360,emp360@globalmart.com,2023-04-07,135085.11
361,3,Emp361,Last361,emp361@globalmart.com,2025-04-13,101618.57
362,5,Emp362,Last362,emp362@globalmart.com,2020-12-23,88752.72
363,3,Emp363,Last363,emp363@globalmart.com,2025-11-12,129781.06
364,5,Emp364,Last364,emp364@globalmart.com,2022-07-07,69749.52
365,4,Emp365,Last365,emp365@globalmart.com,2022-02-03,43203.82
366,1,Emp366,Last366,emp366@globalmart.com,2025-03-20,147919.32
367,5,Emp367,Last367,emp367@globalmart.com,2023-02-19,58699.53
368,2,Emp368,Last368,emp368@globalmart.com,2021-02-04,70353.91
369,5,Emp369,Last369,emp369@globalmart.com,2024-11-28,145790.97
370,3,Emp370,Last370,emp370@globalmart.com,2023-09-01,138923.03
371,3,Emp371,Last371,emp371@globalmart.com,2020-01-17,52032.65
372,4,Emp372,Last372,emp372@globalmart.com,2025-03-03,35709.83
373,1,Emp373,Last373,emp373@globalmart.com,2025-08-17,55594.29
374,3,Emp374,Last374,emp374@globalmart.com,2023-03-12,125698.25
375,2,Emp375,Last375,emp375@globalmart.com,2022-11-15,86234.58
376,1,Emp376,Last376,emp376@globalmart.com,2020-04-15,117290.26
377,5,Emp377,Last377,emp377@globalmart.com,2023-04-03,73744.79
378,1,Emp378,Last378,emp378@globalmart.com,2020-09-01,39448.42
379,4,Emp379,Last379,emp379@globalmart.com,2024-03-07,122188.07
380,1,Emp380,Last380,emp380@globalmart.com,2022-01-09,47025.1
381,2,Emp381,Last381,emp381@globalmart.com,2024-08-19,107739.36
382,1,Emp382,Last382,emp382@globalmart.com,2025-03-14,134570.05
383,3,Emp383,Last383,emp383@globalmart.com,2022-12-04,67076.1
384,3,Emp384,Last384,emp384@globalmart.com,2021-11-26,93079.76
385,3,Emp385,Last385,emp385@globalmart.com,2021-06-06,65721.34
386,2,Emp386,Last386,emp386@globalmart.com,2020-02-02,38742.96
387,1,Emp387,Last387,emp387@globalmart.com,2025-01-15,43633.66
388,2,Emp388,Last388,emp388@globalmart.com,2021-11-07,137503.69
389,5,Emp389,Last389,emp389@globalmart.com,2022-06-03,46310.59
390,2,Emp390,Last390,emp390@globalmart.com,2022-12-27,58445.91
391,1,Emp391,Last391,emp391@globalmart.com,2022-01-16,68202.57
392,3,Emp392,Last392,emp392@globalmart.com,2022-12-19,118537.79
393,1,Emp393,Last393,emp393@globalmart.com,2025-04-08,102097.47
394,4,Emp394,Last394,emp394@globalmart.com,2021-01-04,56314.07
395,5,Emp395,Last395,emp395@globalmart.com,2025-09-28,55142.73
396,2,Emp396,Last396,emp396@globalmart.com,2022-03-07,117794.08
397,1,Emp397,Last397,emp397@globalmart.com,2024-07-06,47479.38
398,3,Emp398,Last398,emp398@globalmart.com,2022-04-09,75572.13
399,3,Emp399,Last399,emp399@globalmart.com,2025-07-16,46632.28
400,4,Emp400,Last400,emp400@globalmart.com,2024-08-20,47579.79
401,2,Emp401,Last401,emp401@globalmart.com,2022-10-01,106233.62
402,4,Emp402,Last402,emp402@globalmart.com,2020-11-17,89627.78
403,2,Emp403,Last403,emp403@globalmart.com,2022-04-01,36330.9
404,4,Emp404,Last404,emp404@globalmart.com,2020-11-05,138424.06
405,4,Emp405,Last405,emp405@globalmart.com,2025-05-21,136263.91
406,1,Emp406,Last406,emp406@globalmart.com,2024-09-10,105019.31
407,5,Emp407,Last407,emp407@globalmart.com,2021-04-08,40552.72
408,5,Emp408,Last408,emp408@globalmart.com,2025-09-10,82364.84
409,3,Emp409,Last409,emp409@globalmart.com,2023-06-03,134048.23
410,2,Emp410,Last410,emp410@globalmart.com,2023-09-11,127172.4
411,2,Emp411,Last411,emp411@globalmart.com,2023-03-11,55698.64
412,5,Emp412,Last412,emp412@globalmart.com,2023-05-08,116030.0
413,5,Emp413,Last413,emp413@globalmart.com,2023-07-11,84235.62
414,4,Emp414,Last414,emp414@globalmart.com,2021-05-16,91811.52
415,1,Emp415,Last415,emp415@globalmart.com,2025-09-15,77292.92
416,5,Emp416,Last416,emp416@globalmart.com,2025-12-27,144652.97
417,3,Emp417,Last417,emp417@globalmart.com,2025-03-19,100445.7
418,5,Emp418,Last418,emp418@globalmart.com,2025-01-03,83459.26
419,4,Emp419,Last419,emp419@globalmart.com,2022-01-10,35836.45
420,3,Emp420,Last420,emp420@globalmart.com,2023-03-22,127014.99
421,5,Emp421,Last421,emp421@globalmart.com,2020-02-27,130695.84
422,3,Emp422,Last422,emp422@globalmart.com,2023-02-07,124085.65
423,3,Emp423,Last423,emp423@globalmart.com,2020-08-06,70645.84
424,4,Emp424,Last424,emp424@globalmart.com,2024-08-05,122099.73
425,3,Emp425,Last425,emp425@globalmart.com,2024-06-24,46865.49
426,5,Emp426,Last426,emp426@globalmart.com,2024-11-17,128744.28
427,2,Emp427,Last427,emp427@globalmart.com,2023-09-06,83851.89
428,5,Emp428,Last428,emp428@globalmart.com,2024-09-08,146777.85
429,5,Emp429,Last429,emp429@globalmart.com,2020-11-20,70892.72
430,5,Emp430,Last430,emp430@globalmart.com,2024-11-20,133505.5
431,5,Emp431,Last431,emp431@globalmart.com,2023-02-10,144211.27
432,2,Emp432,Last432,emp432@globalmart.com,2023-10-12,87195.06
433,2,Emp433,Last433,emp433@globalmart.com,2024-10-16,33926.84
434,4,Emp434,Last434,emp434@globalmart.com,2020-02-14,40594.82
435,5,Emp435,Last435,emp435@globalmart.com,2025-06-04,56556.02
436,1,Emp436,Last436,emp436@globalmart.com,2022-03-26,104403.62
437,4,Emp437,Last437,emp437@globalmart.com,2024-05-21,97687.58
438,5,Emp438,Last438,emp438@globalmart.com,2023-02-24,70300.49
439,1,Emp439,Last439,emp439@globalmart.com,2021-09-21,78234.55
440,1,Emp440,Last440,emp440@globalmart.com,2021-04-23,132382.32
441,3,Emp441,Last441,emp441@globalmart.com,2020-09-22,130700.25
442,3,Emp442,Last442,emp442@globalmart.com,2025-07-09,45805.61
443,2,Emp443,Last443,emp443@globalmart.com,2022-06-27,46034.97
444,3,Emp444,Last444,emp444@globalmart.com,2025-11-04,126572.35
445,5,Emp445,Last445,emp445@globalmart.com,2025-01-11,113876.56
446,2,Emp446,Last446,emp446@globalmart.com,2023-05-10,60846.5
447,1,Emp447,Last447,emp447@globalmart.com,2021-12-17,146262.26
448,1,Emp448,Last448,emp448@globalmart.com,2024-06-26,56975.87
449,2,Emp449,Last449,emp449@globalmart.com,2025-03-18,124050.43
450,3,Emp450,Last450,emp450@globalmart.com,2025-01-02,113676.08
451,3,Emp451,Last451,emp451@globalmart.com,2020-09-22,148521.06
452,3,Emp452,Last452,emp452@globalmart.com,2021-09-26,97554.59
453,5,Emp453,Last453,emp453@globalmart.com,2021-03-26,93217.45
454,5,Emp454,Last454,emp454@globalmart.com,2025-09-17,35241.22
455,1,Emp455,Last455,emp455@globalmart.com,2023-03-25,42588.01
456,5,Emp456,Last456,emp456@globalmart.com,2022-05-06,71356.93
457,2,Emp457,Last457,emp457@globalmart.com,2020-12-09,40444.34
458,1,Emp458,Last458,emp458@globalmart.com,2022-11-14,101145.54
459,2,Emp459,Last459,emp459@globalmart.com,2025-05-11,76042.26
460,5,Emp460,Last460,emp460@globalmart.com,2022-09-28,65218.32
461,4,Emp461,Last461,emp461@globalmart.com,2024-10-12,77152.4
462,1,Emp462,Last462,emp462@globalmart.com,2024-02-28,95871.96
463,2,Emp463,Last463,emp463@globalmart.com,2025-10-03,142636.41
464,3,Emp464,Last464,emp464@globalmart.com,2024-01-23,111185.91
465,1,Emp465,Last465,emp465@globalmart.com,2025-07-17,55093.96
466,5,Emp466,Last466,emp466@globalmart.com,2021-09-15,74896.08
467,2,Emp467,Last467,emp467@globalmart.com,2024-04-09,80392.28
468,2,Emp468,Last468,emp468@globalmart.com,2021-10-22,40669.01
469,1,Emp469,Last469,emp469@globalmart.com,2025-07-15,42111.02
470,3,Emp470,Last470,emp470@globalmart.com,2025-11-27,56202.39
471,4,Emp471,Last471,emp471@globalmart.com,2022-06-28,130974.89
472,4,Emp472,Last472,emp472@globalmart.com,2024-07-03,121820.91
473,5,Emp473,Last473,emp473@globalmart.com,2024-04-09,123105.84
474,5,Emp474,Last474,emp474@globalmart.com,2024-07-02,133381.22
475,2,Emp475,Last475,emp475@globalmart.com,2023-08-19,91711.93
476,1,Emp476,Last476,emp476@globalmart.com,2025-10-10,70432.49
477,4,Emp477,Last477,emp477@globalmart.com,2024-02-19,33588.03
478,1,Emp478,Last478,emp478@globalmart.com,2025-06-11,42158.15
479,1,Emp479,Last479,emp479@globalmart.com,2021-07-23,84761.52
480,3,Emp480,Last480,emp480@globalmart.com,2021-04-20,110725.58
481,3,Emp481,Last481,emp481@globalmart.com,2025-02-22,144021.26
482,5,Emp482,Last482,emp482@globalmart.com,2020-02-02,144557.33
483,4,Emp483,Last483,emp483@globalmart.com,2023-07-12,128282.27
484,4,Emp484,Last484,emp484@globalmart.com,2025-01-15,32901.54
485,1,Emp485,Last485,emp485@globalmart.com,2025-03-07,147873.75
486,1,Emp486,Last486,emp486@globalmart.com,2020-09-24,35898.34
487,3,Emp487,Last487,emp487@globalmart.com,2023-11-05,52752.15
488,4,Emp488,Last488,emp488@globalmart.com,2022-07-28,108826.22
489,4,Emp489,Last489,emp489@globalmart.com,2022-10-26,97116.09
490,3,Emp490,Last490,emp490@globalmart.com,2025-02-03,117748.62
491,1,Emp491,Last491,emp491@globalmart.com,2021-07-18,80893.13
492,5,Emp492,Last492,emp492@globalmart.com,2024-09-09,45875.92
493,3,Emp493,Last493,emp493@globalmart.com,2025-11-05,131567.34
494,3,Emp494,Last494,emp494@globalmart.com,2021-12-04,121866.88
495,4,Emp495,Last495,emp495@globalmart.com,2022-09-09,51272.98
496,1,Emp496,Last496,emp496@globalmart.com,2023-02-13,71330.05
497,1,Emp497,Last497,emp497@globalmart.com,2021-03-15,46104.92
498,3,Emp498,Last498,emp498@globalmart.com,2024-01-02,100474.16
499,4,Emp499,Last499,emp499@globalmart.com,2022-07-20,101425.14
500,1,Emp500,Last500,emp500@globalmart.com,2020-03-20,86897.29
