supplier_id,supplier_name,contact_person,email,phone,city,state,country
1,Supplier_1 Pvt Ltd,Contact_1,supplier1@mail.com,9000000001,City,State,India
2,Supplier_2 Pvt Ltd,Contact_2,supplier2@mail.com,9000000002,City,State,India
3,Supplier_3 Pvt Ltd,Contact_3,supplier3@mail.com,9000000003,City,State,India
4,Supplier_4 Pvt Ltd,Contact_4,supplier4@mail.com,9000000004,City,State,India
5,Supplier_5 Pvt Ltd,Contact_5,supplier5@mail.com,9000000005,City,State,India
6,Supplier_6 Pvt Ltd,Contact_6,supplier6@mail.com,9000000006,City,State,India
7,Supplier_7 Pvt Ltd,Contact_7,supplier7@mail.com,9000000007,City,State,India
8,Supplier_8 Pvt Ltd,Contact_8,supplier8@mail.com,9000000008,City,State,India
9,Supplier_9 Pvt Ltd,Contact_9,supplier9@mail.com,9000000009,City,State,India
10,Supplier_10 Pvt Ltd,Contact_10,supplier10@mail.com,9000000010,City,State,India
11,Supplier_11 Pvt Ltd,Contact_11,supplier11@mail.com,9000000011,City,State,India
12,Supplier_12 Pvt Ltd,Contact_12,supplier12@mail.com,9000000012,City,State,India
13,Supplier_13 Pvt Ltd,Contact_13,supplier13@mail.com,9000000013,City,State,India
14,Supplier_14 Pvt Ltd,Contact_14,supplier14@mail.com,9000000014,City,State,India
15,Supplier_15 Pvt Ltd,Contact_15,supplier15@mail.com,9000000015,City,State,India
16,Supplier_16 Pvt Ltd,Contact_16,supplier16@mail.com,9000000016,City,State,India
17,Supplier_17 Pvt Ltd,Contact_17,supplier17@mail.com,9000000017,City,State,India
18,Supplier_18 Pvt Ltd,Contact_18,supplier18@mail.com,9000000018,City,State,India
19,Supplier_19 Pvt Ltd,Contact_19,supplier19@mail.com,9000000019,City,State,India
20,Supplier_20 Pvt Ltd,Contact_20,supplier20@mail.com,9000000020,City,State,India
21,Supplier_21 Pvt Ltd,Contact_21,supplier21@mail.com,9000000021,City,State,India
22,Supplier_22 Pvt Ltd,Contact_22,supplier22@mail.com,9000000022,City,State,India
23,Supplier_23 Pvt Ltd,Contact_23,supplier23@mail.com,9000000023,City,State,India
24,Supplier_24 Pvt Ltd,Contact_24,supplier24@mail.com,9000000024,City,State,India
25,Supplier_25 Pvt Ltd,Contact_25,supplier25@mail.com,9000000025,City,State,India
26,Supplier_26 Pvt Ltd,Contact_26,supplier26@mail.com,9000000026,City,State,India
27,Supplier_27 Pvt Ltd,Contact_27,supplier27@mail.com,9000000027,City,State,India
28,Supplier_28 Pvt Ltd,Contact_28,supplier28@mail.com,9000000028,City,State,India
29,Supplier_29 Pvt Ltd,Contact_29,supplier29@mail.com,9000000029,City,State,India
30,Supplier_30 Pvt Ltd,Contact_30,supplier30@mail.com,9000000030,City,State,India
31,Supplier_31 Pvt Ltd,Contact_31,supplier31@mail.com,9000000031,City,State,India
32,Supplier_32 Pvt Ltd,Contact_32,supplier32@mail.com,9000000032,City,State,India
33,Supplier_33 Pvt Ltd,Contact_33,supplier33@mail.com,9000000033,City,State,India
34,Supplier_34 Pvt Ltd,Contact_34,supplier34@mail.com,9000000034,City,State,India
35,Supplier_35 Pvt Ltd,Contact_35,supplier35@mail.com,9000000035,City,State,India
36,Supplier_36 Pvt Ltd,Contact_36,supplier36@mail.com,9000000036,City,State,India
37,Supplier_37 Pvt Ltd,Contact_37,supplier37@mail.com,9000000037,City,State,India
38,Supplier_38 Pvt Ltd,Contact_38,supplier38@mail.com,9000000038,City,State,India
39,Supplier_39 Pvt Ltd,Contact_39,supplier39@mail.com,9000000039,City,State,India
40,Supplier_40 Pvt Ltd,Contact_40,supplier40@mail.com,9000000040,City,State,India
41,Supplier_41 Pvt Ltd,Contact_41,supplier41@mail.com,9000000041,City,State,India
42,Supplier_42 Pvt Ltd,Contact_42,supplier42@mail.com,9000000042,City,State,India
43,Supplier_43 Pvt Ltd,Contact_43,supplier43@mail.com,9000000043,City,State,India
44,Supplier_44 Pvt Ltd,Contact_44,supplier44@mail.com,9000000044,City,State,India
45,Supplier_45 Pvt Ltd,Contact_45,supplier45@mail.com,9000000045,City,State,India
46,Supplier_46 Pvt Ltd,Contact_46,supplier46@mail.com,9000000046,City,State,India
47,Supplier_47 Pvt Ltd,Contact_47,supplier47@mail.com,9000000047,City,State,India
48,Supplier_48 Pvt Ltd,Contact_48,supplier48@mail.com,9000000048,City,State,India
49,Supplier_49 Pvt Ltd,Contact_49,supplier49@mail.com,9000000049,City,State,India
50,Supplier_50 Pvt Ltd,Contact_50,supplier50@mail.com,9000000050,City,State,India
51,Supplier_51 Pvt Ltd,Contact_51,supplier51@mail.com,9000000051,City,State,India
52,Supplier_52 Pvt Ltd,Contact_52,supplier52@mail.com,9000000052,City,State,India
53,Supplier_53 Pvt Ltd,Contact_53,supplier53@mail.com,9000000053,City,State,India
54,Supplier_54 Pvt Ltd,Contact_54,supplier54@mail.com,9000000054,City,State,India
55,Supplier_55 Pvt Ltd,Contact_55,supplier55@mail.com,9000000055,City,State,India
56,Supplier_56 Pvt Ltd,Contact_56,supplier56@mail.com,9000000056,City,State,India
57,Supplier_57 Pvt Ltd,Contact_57,supplier57@mail.com,9000000057,City,State,India
58,Supplier_58 Pvt Ltd,Contact_58,supplier58@mail.com,9000000058,City,State,India
59,Supplier_59 Pvt Ltd,Contact_59,supplier59@mail.com,9000000059,City,State,India
60,Supplier_60 Pvt Ltd,Contact_60,supplier60@mail.com,9000000060,City,State,India
61,Supplier_61 Pvt Ltd,Contact_61,supplier61@mail.com,9000000061,City,State,India
62,Supplier_62 Pvt Ltd,Contact_62,supplier62@mail.com,9000000062,City,State,India
63,Supplier_63 Pvt Ltd,Contact_63,supplier63@mail.com,9000000063,City,State,India
64,Supplier_64 Pvt Ltd,Contact_64,supplier64@mail.com,9000000064,City,State,India
65,Supplier_65 Pvt Ltd,Contact_65,supplier65@mail.com,9000000065,City,State,India
66,Supplier_66 Pvt Ltd,Contact_66,supplier66@mail.com,9000000066,City,State,India
67,Supplier_67 Pvt Ltd,Contact_67,supplier67@mail.com,9000000067,City,State,India
68,Supplier_68 Pvt Ltd,Contact_68,supplier68@mail.com,9000000068,City,State,India
69,Supplier_69 Pvt Ltd,Contact_69,supplier69@mail.com,9000000069,City,State,India
70,Supplier_70 Pvt Ltd,Contact_70,supplier70@mail.com,9000000070,City,State,India
71,Supplier_71 Pvt Ltd,Contact_71,supplier71@mail.com,9000000071,City,State,India
72,Supplier_72 Pvt Ltd,Contact_72,supplier72@mail.com,9000000072,City,State,India
73,Supplier_73 Pvt Ltd,Contact_73,supplier73@mail.com,9000000073,City,State,India
74,Supplier_74 Pvt Ltd,Contact_74,supplier74@mail.com,9000000074,City,State,India
75,Supplier_75 Pvt Ltd,Contact_75,supplier75@mail.com,9000000075,City,State,India
76,Supplier_76 Pvt Ltd,Contact_76,supplier76@mail.com,9000000076,City,State,India
77,Supplier_77 Pvt Ltd,Contact_77,supplier77@mail.com,9000000077,City,State,India
78,Supplier_78 Pvt Ltd,Contact_78,supplier78@mail.com,9000000078,City,State,India
79,Supplier_79 Pvt Ltd,Contact_79,supplier79@mail.com,9000000079,City,State,India
80,Supplier_80 Pvt Ltd,Contact_80,supplier80@mail.com,9000000080,City,State,India
81,Supplier_81 Pvt Ltd,Contact_81,supplier81@mail.com,9000000081,City,State,India
82,Supplier_82 Pvt Ltd,Contact_82,supplier82@mail.com,9000000082,City,State,India
83,Supplier_83 Pvt Ltd,Contact_83,supplier83@mail.com,9000000083,City,State,India
84,Supplier_84 Pvt Ltd,Contact_84,supplier84@mail.com,9000000084,City,State,India
85,Supplier_85 Pvt Ltd,Contact_85,supplier85@mail.com,9000000085,City,State,India
86,Supplier_86 Pvt Ltd,Contact_86,supplier86@mail.com,9000000086,City,State,India
87,Supplier_87 Pvt Ltd,Contact_87,supplier87@mail.com,9000000087,City,State,India
88,Supplier_88 Pvt Ltd,Contact_88,supplier88@mail.com,9000000088,City,State,India
89,Supplier_89 Pvt Ltd,Contact_89,supplier89@mail.com,9000000089,City,State,India
90,Supplier_90 Pvt Ltd,Contact_90,supplier90@mail.com,9000000090,City,State,India
91,Supplier_91 Pvt Ltd,Contact_91,supplier91@mail.com,9000000091,City,State,India
92,Supplier_92 Pvt Ltd,Contact_92,supplier92@mail.com,9000000092,City,State,India
93,Supplier_93 Pvt Ltd,Contact_93,supplier93@mail.com,9000000093,City,State,India
94,Supplier_94 Pvt Ltd,Contact_94,supplier94@mail.com,9000000094,City,State,India
95,Supplier_95 Pvt Ltd,Contact_95,supplier95@mail.com,9000000095,City,State,India
96,Supplier_96 Pvt Ltd,Contact_96,supplier96@mail.com,9000000096,City,State,India
97,Supplier_97 Pvt Ltd,Contact_97,supplier97@mail.com,9000000097,City,State,India
98,Supplier_98 Pvt Ltd,Contact_98,supplier98@mail.com,9000000098,City,State,India
99,Supplier_99 Pvt Ltd,Contact_99,supplier99@mail.com,9000000099,City,State,India
100,Supplier_100 Pvt Ltd,Contact_100,supplier100@mail.com,9000000100,City,State,India
101,Supplier_101 Pvt Ltd,Contact_101,supplier101@mail.com,9000000101,City,State,India
102,Supplier_102 Pvt Ltd,Contact_102,supplier102@mail.com,9000000102,City,State,India
103,Supplier_103 Pvt Ltd,Contact_103,supplier103@mail.com,9000000103,City,State,India
104,Supplier_104 Pvt Ltd,Contact_104,supplier104@mail.com,9000000104,City,State,India
105,Supplier_105 Pvt Ltd,Contact_105,supplier105@mail.com,9000000105,City,State,India
106,Supplier_106 Pvt Ltd,Contact_106,supplier106@mail.com,9000000106,City,State,India
107,Supplier_107 Pvt Ltd,Contact_107,supplier107@mail.com,9000000107,City,State,India
108,Supplier_108 Pvt Ltd,Contact_108,supplier108@mail.com,9000000108,City,State,India
109,Supplier_109 Pvt Ltd,Contact_109,supplier109@mail.com,9000000109,City,State,India
110,Supplier_110 Pvt Ltd,Contact_110,supplier110@mail.com,9000000110,City,State,India
111,Supplier_111 Pvt Ltd,Contact_111,supplier111@mail.com,9000000111,City,State,India
112,Supplier_112 Pvt Ltd,Contact_112,supplier112@mail.com,9000000112,City,State,India
113,Supplier_113 Pvt Ltd,Contact_113,supplier113@mail.com,9000000113,City,State,India
114,Supplier_114 Pvt Ltd,Contact_114,supplier114@mail.com,9000000114,City,State,India
115,Supplier_115 Pvt Ltd,Contact_115,supplier115@mail.com,9000000115,City,State,India
116,Supplier_116 Pvt Ltd,Contact_116,supplier116@mail.com,9000000116,City,State,India
117,Supplier_117 Pvt Ltd,Contact_117,supplier117@mail.com,9000000117,City,State,India
118,Supplier_118 Pvt Ltd,Contact_118,supplier118@mail.com,9000000118,City,State,India
119,Supplier_119 Pvt Ltd,Contact_119,supplier119@mail.com,9000000119,City,State,India
120,Supplier_120 Pvt Ltd,Contact_120,supplier120@mail.com,9000000120,City,State,India
121,Supplier_121 Pvt Ltd,Contact_121,supplier121@mail.com,9000000121,City,State,India
122,Supplier_122 Pvt Ltd,Contact_122,supplier122@mail.com,9000000122,City,State,India
123,Supplier_123 Pvt Ltd,Contact_123,supplier123@mail.com,9000000123,City,State,India
124,Supplier_124 Pvt Ltd,Contact_124,supplier124@mail.com,9000000124,City,State,India
125,Supplier_125 Pvt Ltd,Contact_125,supplier125@mail.com,9000000125,City,State,India
126,Supplier_126 Pvt Ltd,Contact_126,supplier126@mail.com,9000000126,City,State,India
127,Supplier_127 Pvt Ltd,Contact_127,supplier127@mail.com,9000000127,City,State,India
128,Supplier_128 Pvt Ltd,Contact_128,supplier128@mail.com,9000000128,City,State,India
129,Supplier_129 Pvt Ltd,Contact_129,supplier129@mail.com,9000000129,City,State,India
130,Supplier_130 Pvt Ltd,Contact_130,supplier130@mail.com,9000000130,City,State,India
131,Supplier_131 Pvt Ltd,Contact_131,supplier131@mail.com,9000000131,City,State,India
132,Supplier_132 Pvt Ltd,Contact_132,supplier132@mail.com,9000000132,City,State,India
133,Supplier_133 Pvt Ltd,Contact_133,supplier133@mail.com,9000000133,City,State,India
134,Supplier_134 Pvt Ltd,Contact_134,supplier134@mail.com,9000000134,City,State,India
135,Supplier_135 Pvt Ltd,Contact_135,supplier135@mail.com,9000000135,City,State,India
136,Supplier_136 Pvt Ltd,Contact_136,supplier136@mail.com,9000000136,City,State,India
137,Supplier_137 Pvt Ltd,Contact_137,supplier137@mail.com,9000000137,City,State,India
138,Supplier_138 Pvt Ltd,Contact_138,supplier138@mail.com,9000000138,City,State,India
139,Supplier_139 Pvt Ltd,Contact_139,supplier139@mail.com,9000000139,City,State,India
140,Supplier_140 Pvt Ltd,Contact_140,supplier140@mail.com,9000000140,City,State,India
141,Supplier_141 Pvt Ltd,Contact_141,supplier141@mail.com,9000000141,City,State,India
142,Supplier_142 Pvt Ltd,Contact_142,supplier142@mail.com,9000000142,City,State,India
143,Supplier_143 Pvt Ltd,Contact_143,supplier143@mail.com,9000000143,City,State,India
144,Supplier_144 Pvt Ltd,Contact_144,supplier144@mail.com,9000000144,City,State,India
145,Supplier_145 Pvt Ltd,Contact_145,supplier145@mail.com,9000000145,City,State,India
146,Supplier_146 Pvt Ltd,Contact_146,supplier146@mail.com,9000000146,City,State,India
147,Supplier_147 Pvt Ltd,Contact_147,supplier147@mail.com,9000000147,City,State,India
148,Supplier_148 Pvt Ltd,Contact_148,supplier148@mail.com,9000000148,City,State,India
149,Supplier_149 Pvt Ltd,Contact_149,supplier149@mail.com,9000000149,City,State,India
150,Supplier_150 Pvt Ltd,Contact_150,supplier150@mail.com,9000000150,City,State,India
151,Supplier_151 Pvt Ltd,Contact_151,supplier151@mail.com,9000000151,City,State,India
152,Supplier_152 Pvt Ltd,Contact_152,supplier152@mail.com,9000000152,City,State,India
153,Supplier_153 Pvt Ltd,Contact_153,supplier153@mail.com,9000000153,City,State,India
154,Supplier_154 Pvt Ltd,Contact_154,supplier154@mail.com,9000000154,City,State,India
155,Supplier_155 Pvt Ltd,Contact_155,supplier155@mail.com,9000000155,City,State,India
156,Supplier_156 Pvt Ltd,Contact_156,supplier156@mail.com,9000000156,City,State,India
157,Supplier_157 Pvt Ltd,Contact_157,supplier157@mail.com,9000000157,City,State,India
158,Supplier_158 Pvt Ltd,Contact_158,supplier158@mail.com,9000000158,City,State,India
159,Supplier_159 Pvt Ltd,Contact_159,supplier159@mail.com,9000000159,City,State,India
160,Supplier_160 Pvt Ltd,Contact_160,supplier160@mail.com,9000000160,City,State,India
161,Supplier_161 Pvt Ltd,Contact_161,supplier161@mail.com,9000000161,City,State,India
162,Supplier_162 Pvt Ltd,Contact_162,supplier162@mail.com,9000000162,City,State,India
163,Supplier_163 Pvt Ltd,Contact_163,supplier163@mail.com,9000000163,City,State,India
164,Supplier_164 Pvt Ltd,Contact_164,supplier164@mail.com,9000000164,City,State,India
165,Supplier_165 Pvt Ltd,Contact_165,supplier165@mail.com,9000000165,City,State,India
166,Supplier_166 Pvt Ltd,Contact_166,supplier166@mail.com,9000000166,City,State,India
167,Supplier_167 Pvt Ltd,Contact_167,supplier167@mail.com,9000000167,City,State,India
168,Supplier_168 Pvt Ltd,Contact_168,supplier168@mail.com,9000000168,City,State,India
169,Supplier_169 Pvt Ltd,Contact_169,supplier169@mail.com,9000000169,City,State,India
170,Supplier_170 Pvt Ltd,Contact_170,supplier170@mail.com,9000000170,City,State,India
171,Supplier_171 Pvt Ltd,Contact_171,supplier171@mail.com,9000000171,City,State,India
172,Supplier_172 Pvt Ltd,Contact_172,supplier172@mail.com,9000000172,City,State,India
173,Supplier_173 Pvt Ltd,Contact_173,supplier173@mail.com,9000000173,City,State,India
174,Supplier_174 Pvt Ltd,Contact_174,supplier174@mail.com,9000000174,City,State,India
175,Supplier_175 Pvt Ltd,Contact_175,supplier175@mail.com,9000000175,City,State,India
176,Supplier_176 Pvt Ltd,Contact_176,supplier176@mail.com,9000000176,City,State,India
177,Supplier_177 Pvt Ltd,Contact_177,supplier177@mail.com,9000000177,City,State,India
178,Supplier_178 Pvt Ltd,Contact_178,supplier178@mail.com,9000000178,City,State,India
179,Supplier_179 Pvt Ltd,Contact_179,supplier179@mail.com,9000000179,City,State,India
180,Supplier_180 Pvt Ltd,Contact_180,supplier180@mail.com,9000000180,City,State,India
181,Supplier_181 Pvt Ltd,Contact_181,supplier181@mail.com,9000000181,City,State,India
182,Supplier_182 Pvt Ltd,Contact_182,supplier182@mail.com,9000000182,City,State,India
183,Supplier_183 Pvt Ltd,Contact_183,supplier183@mail.com,9000000183,City,State,India
184,Supplier_184 Pvt Ltd,Contact_184,supplier184@mail.com,9000000184,City,State,India
185,Supplier_185 Pvt Ltd,Contact_185,supplier185@mail.com,9000000185,City,State,India
186,Supplier_186 Pvt Ltd,Contact_186,supplier186@mail.com,9000000186,City,State,India
187,Supplier_187 Pvt Ltd,Contact_187,supplier187@mail.com,9000000187,City,State,India
188,Supplier_188 Pvt Ltd,Contact_188,supplier188@mail.com,9000000188,City,State,India
189,Supplier_189 Pvt Ltd,Contact_189,supplier189@mail.com,9000000189,City,State,India
190,Supplier_190 Pvt Ltd,Contact_190,supplier190@mail.com,9000000190,City,State,India
191,Supplier_191 Pvt Ltd,Contact_191,supplier191@mail.com,9000000191,City,State,India
192,Supplier_192 Pvt Ltd,Contact_192,supplier192@mail.com,9000000192,City,State,India
193,Supplier_193 Pvt Ltd,Contact_193,supplier193@mail.com,9000000193,City,State,India
194,Supplier_194 Pvt Ltd,Contact_194,supplier194@mail.com,9000000194,City,State,India
195,Supplier_195 Pvt Ltd,Contact_195,supplier195@mail.com,9000000195,City,State,India
196,Supplier_196 Pvt Ltd,Contact_196,supplier196@mail.com,9000000196,City,State,India
197,Supplier_197 Pvt Ltd,Contact_197,supplier197@mail.com,9000000197,City,State,India
198,Supplier_198 Pvt Ltd,Contact_198,supplier198@mail.com,9000000198,City,State,India
199,Supplier_199 Pvt Ltd,Contact_199,supplier199@mail.com,9000000199,City,State,India
200,Supplier_200 Pvt Ltd,Contact_200,supplier200@mail.com,9000000200,City,State,India
